-- phpMyAdmin SQL Dump
-- version 3.3.9
-- http://www.phpmyadmin.net
--
-- Хост: localhost
-- Время создания: Ноя 02 2012 г., 13:24
-- Версия сервера: 5.5.8
-- Версия PHP: 5.3.5

SET SQL_MODE="NO_AUTO_VALUE_ON_ZERO";


/*!40101 SET @OLD_CHARACTER_SET_CLIENT=@@CHARACTER_SET_CLIENT */;
/*!40101 SET @OLD_CHARACTER_SET_RESULTS=@@CHARACTER_SET_RESULTS */;
/*!40101 SET @OLD_COLLATION_CONNECTION=@@COLLATION_CONNECTION */;
/*!40101 SET NAMES utf8 */;

--
-- База данных: `football_championship`
--

-- --------------------------------------------------------

--
-- Структура таблицы `matches`
--

CREATE TABLE IF NOT EXISTS `matches` (
  `id` int(11) NOT NULL AUTO_INCREMENT,
  `tour_id` int(11) NOT NULL,
  `day_offset` int(1) NOT NULL COMMENT 'отступ от старта тура (0 - игра в субботу, 1 - в воскресенье)',
  `team1_id` int(11) NOT NULL,
  `team2_id` int(11) NOT NULL,
  `team1_goals` int(11) DEFAULT NULL,
  `team2_goals` int(11) DEFAULT NULL,
  PRIMARY KEY (`id`)
) ENGINE=InnoDB  DEFAULT CHARSET=utf8 AUTO_INCREMENT=417 ;

--
-- Дамп данных таблицы `matches`
--

INSERT INTO `matches` (`id`, `tour_id`, `day_offset`, `team1_id`, `team2_id`, `team1_goals`, `team2_goals`) VALUES
(1, 1, 0, 21, 10, 1, 0),
(2, 1, 1, 1, 4, 0, 0),
(3, 1, 0, 19, 17, 2, 2),
(4, 1, 1, 14, 15, 1, 1),
(5, 1, 0, 13, 3, 1, 3),
(6, 1, 1, 11, 20, 2, 3),
(7, 1, 0, 18, 16, 4, 2),
(8, 1, 1, 22, 12, 1, 5),
(9, 2, 0, 21, 12, 1, 2),
(10, 2, 1, 20, 10, 3, 1),
(11, 2, 0, 16, 14, 3, 2),
(12, 2, 1, 18, 15, 0, 3),
(13, 2, 0, 22, 3, 12, 7),
(14, 2, 1, 11, 1, 0, 3),
(15, 2, 0, 19, 13, 1, 1),
(16, 2, 1, 4, 17, 4, 8),
(17, 3, 0, 17, 21, 1, 5),
(18, 3, 1, 11, 13, 2, 1),
(19, 3, 0, 18, 22, 1, 0),
(20, 3, 1, 1, 19, 4, 6),
(21, 3, 0, 16, 10, 5, 3),
(22, 3, 1, 3, 20, 9, 5),
(23, 3, 0, 12, 4, 1, 4),
(24, 3, 1, 14, 15, 2, 3),
(25, 4, 0, 21, 19, 3, 4),
(26, 4, 1, 22, 1, 0, 1),
(27, 4, 0, 20, 17, 2, 0),
(28, 4, 1, 15, 10, NULL, NULL),
(29, 4, 0, 16, 4, 1, 6),
(30, 4, 1, 14, 13, 1, 5),
(31, 4, 0, 11, 12, 4, 2),
(32, 4, 1, 3, 18, 3, 3),
(33, 5, 0, 13, 14, NULL, NULL),
(34, 5, 1, 17, 3, NULL, NULL),
(35, 5, 0, 19, 22, NULL, NULL),
(36, 5, 1, 10, 15, NULL, NULL),
(37, 5, 0, 20, 11, NULL, NULL),
(38, 5, 1, 21, 16, NULL, NULL),
(39, 5, 0, 1, 12, NULL, NULL),
(40, 5, 1, 18, 4, NULL, NULL),
(41, 6, 0, 14, 21, NULL, NULL),
(42, 6, 1, 16, 17, NULL, NULL),
(43, 6, 0, 12, 18, NULL, NULL),
(44, 6, 1, 10, 3, NULL, NULL),
(45, 6, 0, 22, 19, NULL, NULL),
(46, 6, 1, 13, 20, NULL, NULL),
(47, 6, 0, 11, 15, NULL, NULL),
(48, 6, 1, 1, 4, NULL, NULL),
(49, 7, 0, 12, 11, NULL, NULL),
(50, 7, 1, 22, 19, NULL, NULL),
(51, 7, 0, 4, 20, NULL, NULL),
(52, 7, 1, 14, 13, NULL, NULL),
(53, 7, 0, 15, 10, NULL, NULL),
(54, 7, 1, 17, 21, NULL, NULL),
(55, 7, 0, 1, 18, NULL, NULL),
(56, 7, 1, 16, 3, NULL, NULL),
(57, 8, 0, 18, 16, NULL, NULL),
(58, 8, 1, 3, 10, NULL, NULL),
(59, 8, 0, 15, 1, NULL, NULL),
(60, 8, 1, 17, 22, NULL, NULL),
(61, 8, 0, 21, 11, NULL, NULL),
(62, 8, 1, 20, 14, NULL, NULL),
(63, 8, 0, 19, 4, NULL, NULL),
(64, 8, 1, 13, 12, NULL, NULL),
(65, 9, 0, 21, 12, NULL, NULL),
(66, 9, 1, 11, 10, NULL, NULL),
(67, 9, 0, 3, 22, NULL, NULL),
(68, 9, 1, 1, 18, NULL, NULL),
(69, 9, 0, 16, 20, NULL, NULL),
(70, 9, 1, 17, 19, NULL, NULL),
(71, 9, 0, 4, 14, NULL, NULL),
(72, 9, 1, 15, 13, NULL, NULL),
(73, 10, 0, 10, 4, NULL, NULL),
(74, 10, 1, 17, 20, NULL, NULL),
(75, 10, 0, 22, 13, NULL, NULL),
(76, 10, 1, 14, 18, NULL, NULL),
(77, 10, 0, 19, 16, NULL, NULL),
(78, 10, 1, 15, 12, NULL, NULL),
(79, 10, 0, 1, 21, NULL, NULL),
(80, 10, 1, 11, 3, NULL, NULL),
(81, 11, 0, 15, 16, NULL, NULL),
(82, 11, 1, 3, 1, NULL, NULL),
(83, 11, 0, 17, 18, NULL, NULL),
(84, 11, 1, 21, 19, NULL, NULL),
(85, 11, 0, 11, 14, NULL, NULL),
(86, 11, 1, 13, 22, NULL, NULL),
(87, 11, 0, 4, 12, NULL, NULL),
(88, 11, 1, 20, 10, NULL, NULL),
(89, 12, 0, 15, 11, NULL, NULL),
(90, 12, 1, 20, 10, NULL, NULL),
(91, 12, 0, 14, 17, NULL, NULL),
(92, 12, 1, 22, 12, NULL, NULL),
(93, 12, 0, 18, 21, NULL, NULL),
(94, 12, 1, 4, 3, NULL, NULL),
(95, 12, 0, 19, 16, NULL, NULL),
(96, 12, 1, 1, 13, NULL, NULL),
(97, 13, 0, 20, 15, NULL, NULL),
(98, 13, 1, 1, 3, NULL, NULL),
(99, 13, 0, 19, 17, NULL, NULL),
(100, 13, 1, 21, 16, NULL, NULL),
(101, 13, 0, 22, 10, NULL, NULL),
(102, 13, 1, 13, 14, NULL, NULL),
(103, 13, 0, 4, 11, NULL, NULL),
(104, 13, 1, 18, 12, NULL, NULL),
(105, 14, 0, 19, 3, NULL, NULL),
(106, 14, 1, 4, 11, NULL, NULL),
(107, 14, 0, 18, 17, NULL, NULL),
(108, 14, 1, 22, 12, NULL, NULL),
(109, 14, 0, 1, 16, NULL, NULL),
(110, 14, 1, 10, 13, NULL, NULL),
(111, 14, 0, 14, 15, NULL, NULL),
(112, 14, 1, 21, 20, NULL, NULL),
(113, 15, 0, 15, 12, NULL, NULL),
(114, 15, 1, 16, 13, NULL, NULL),
(115, 15, 0, 10, 11, NULL, NULL),
(116, 15, 1, 3, 17, NULL, NULL),
(117, 15, 0, 1, 21, NULL, NULL),
(118, 15, 1, 22, 18, NULL, NULL),
(119, 15, 0, 14, 19, NULL, NULL),
(120, 15, 1, 4, 20, NULL, NULL),
(121, 16, 0, 22, 11, NULL, NULL),
(122, 16, 1, 12, 19, NULL, NULL),
(123, 16, 0, 13, 16, NULL, NULL),
(124, 16, 1, 1, 15, NULL, NULL),
(125, 16, 0, 21, 4, NULL, NULL),
(126, 16, 1, 14, 3, NULL, NULL),
(127, 16, 0, 18, 17, NULL, NULL),
(128, 16, 1, 10, 20, NULL, NULL),
(129, 17, 0, 1, 12, NULL, NULL),
(130, 17, 1, 21, 13, NULL, NULL),
(131, 17, 0, 19, 15, NULL, NULL),
(132, 17, 1, 4, 10, NULL, NULL),
(133, 17, 0, 16, 18, NULL, NULL),
(134, 17, 1, 14, 22, NULL, NULL),
(135, 17, 0, 17, 20, NULL, NULL),
(136, 17, 1, 11, 3, NULL, NULL),
(137, 18, 0, 1, 11, NULL, NULL),
(138, 18, 1, 4, 12, NULL, NULL),
(139, 18, 0, 15, 17, NULL, NULL),
(140, 18, 1, 21, 3, NULL, NULL),
(141, 18, 0, 10, 14, NULL, NULL),
(142, 18, 1, 18, 13, NULL, NULL),
(143, 18, 0, 22, 16, NULL, NULL),
(144, 18, 1, 19, 20, NULL, NULL),
(145, 19, 0, 14, 20, NULL, NULL),
(146, 19, 1, 10, 3, NULL, NULL),
(147, 19, 0, 21, 18, NULL, NULL),
(148, 19, 1, 16, 17, NULL, NULL),
(149, 19, 0, 4, 11, NULL, NULL),
(150, 19, 1, 12, 15, NULL, NULL),
(151, 19, 0, 19, 22, NULL, NULL),
(152, 19, 1, 13, 1, NULL, NULL),
(153, 20, 0, 11, 21, NULL, NULL),
(154, 20, 1, 1, 19, NULL, NULL),
(155, 20, 0, 16, 3, NULL, NULL),
(156, 20, 1, 13, 17, NULL, NULL),
(157, 20, 0, 14, 20, NULL, NULL),
(158, 20, 1, 22, 15, NULL, NULL),
(159, 20, 0, 12, 10, NULL, NULL),
(160, 20, 1, 18, 4, NULL, NULL),
(161, 21, 0, 1, 15, NULL, NULL),
(162, 21, 1, 4, 3, NULL, NULL),
(163, 21, 0, 19, 22, NULL, NULL),
(164, 21, 1, 10, 18, NULL, NULL),
(165, 21, 0, 14, 20, NULL, NULL),
(166, 21, 1, 21, 12, NULL, NULL),
(167, 21, 0, 13, 17, NULL, NULL),
(168, 21, 1, 11, 16, NULL, NULL),
(169, 22, 0, 22, 15, NULL, NULL),
(170, 22, 1, 4, 12, NULL, NULL),
(171, 22, 0, 20, 13, NULL, NULL),
(172, 22, 1, 21, 19, NULL, NULL),
(173, 22, 0, 1, 11, NULL, NULL),
(174, 22, 1, 10, 14, NULL, NULL),
(175, 22, 0, 17, 18, NULL, NULL),
(176, 22, 1, 3, 16, NULL, NULL),
(177, 23, 0, 19, 4, NULL, NULL),
(178, 23, 1, 17, 21, NULL, NULL),
(179, 23, 0, 13, 18, NULL, NULL),
(180, 23, 1, 14, 1, NULL, NULL),
(181, 23, 0, 20, 12, NULL, NULL),
(182, 23, 1, 16, 22, NULL, NULL),
(183, 23, 0, 11, 15, NULL, NULL),
(184, 23, 1, 10, 3, NULL, NULL),
(185, 24, 0, 18, 19, NULL, NULL),
(186, 24, 1, 4, 12, NULL, NULL),
(187, 24, 0, 15, 20, NULL, NULL),
(188, 24, 1, 17, 10, NULL, NULL),
(189, 24, 0, 14, 13, NULL, NULL),
(190, 24, 1, 21, 22, NULL, NULL),
(191, 24, 0, 1, 11, NULL, NULL),
(192, 24, 1, 3, 16, NULL, NULL),
(193, 25, 0, 19, 3, NULL, NULL),
(194, 25, 1, 21, 10, NULL, NULL),
(195, 25, 0, 4, 13, NULL, NULL),
(196, 25, 1, 22, 12, NULL, NULL),
(197, 25, 0, 20, 14, NULL, NULL),
(198, 25, 1, 17, 18, NULL, NULL),
(199, 25, 0, 16, 15, NULL, NULL),
(200, 25, 1, 1, 11, NULL, NULL),
(201, 26, 0, 10, 18, NULL, NULL),
(202, 26, 1, 22, 1, NULL, NULL),
(203, 26, 0, 12, 16, NULL, NULL),
(204, 26, 1, 21, 19, NULL, NULL),
(205, 26, 0, 14, 4, NULL, NULL),
(206, 26, 1, 17, 15, NULL, NULL),
(207, 26, 0, 20, 13, NULL, NULL),
(208, 26, 1, 11, 3, NULL, NULL),
(209, 27, 0, 20, 22, NULL, NULL),
(210, 27, 1, 16, 3, NULL, NULL),
(211, 27, 0, 13, 4, NULL, NULL),
(212, 27, 1, 1, 21, NULL, NULL),
(213, 27, 0, 18, 17, NULL, NULL),
(214, 27, 1, 12, 19, NULL, NULL),
(215, 27, 0, 11, 14, NULL, NULL),
(216, 27, 1, 10, 15, NULL, NULL),
(217, 28, 0, 3, 11, NULL, NULL),
(218, 28, 1, 1, 10, NULL, NULL),
(219, 28, 0, 16, 12, NULL, NULL),
(220, 28, 1, 18, 15, NULL, NULL),
(221, 28, 0, 17, 4, NULL, NULL),
(222, 28, 1, 21, 22, NULL, NULL),
(223, 28, 0, 13, 14, NULL, NULL),
(224, 28, 1, 19, 20, NULL, NULL),
(225, 29, 0, 10, 3, NULL, NULL),
(226, 29, 1, 11, 21, NULL, NULL),
(227, 29, 0, 14, 17, NULL, NULL),
(228, 29, 1, 15, 22, NULL, NULL),
(229, 29, 0, 19, 1, NULL, NULL),
(230, 29, 1, 20, 18, NULL, NULL),
(231, 29, 0, 16, 13, NULL, NULL),
(232, 29, 1, 4, 12, NULL, NULL),
(233, 30, 0, 20, 18, NULL, NULL),
(234, 30, 1, 15, 11, NULL, NULL),
(235, 30, 0, 4, 12, NULL, NULL),
(236, 30, 1, 22, 21, NULL, NULL),
(237, 30, 0, 13, 16, NULL, NULL),
(238, 30, 1, 10, 1, NULL, NULL),
(239, 30, 0, 3, 17, NULL, NULL),
(240, 30, 1, 14, 19, NULL, NULL),
(241, 31, 0, 13, 17, NULL, NULL),
(242, 31, 1, 15, 4, NULL, NULL),
(243, 31, 0, 1, 18, NULL, NULL),
(244, 31, 1, 22, 14, NULL, NULL),
(245, 31, 0, 12, 16, NULL, NULL),
(246, 31, 1, 11, 19, NULL, NULL),
(247, 31, 0, 3, 20, NULL, NULL),
(248, 31, 1, 10, 21, NULL, NULL),
(249, 32, 0, 11, 20, NULL, NULL),
(250, 32, 1, 13, 10, NULL, NULL),
(251, 32, 0, 12, 14, NULL, NULL),
(252, 32, 1, 3, 17, NULL, NULL),
(253, 32, 0, 22, 18, NULL, NULL),
(254, 32, 1, 15, 4, NULL, NULL),
(255, 32, 0, 21, 1, NULL, NULL),
(256, 32, 1, 19, 16, NULL, NULL),
(257, 33, 0, 16, 22, NULL, NULL),
(258, 33, 1, 10, 3, NULL, NULL),
(259, 33, 0, 4, 15, NULL, NULL),
(260, 33, 1, 20, 12, NULL, NULL),
(261, 33, 0, 19, 17, NULL, NULL),
(262, 33, 1, 13, 1, NULL, NULL),
(263, 33, 0, 14, 11, NULL, NULL),
(264, 33, 1, 18, 21, NULL, NULL),
(265, 34, 0, 16, 22, NULL, NULL),
(266, 34, 1, 4, 1, NULL, NULL),
(267, 34, 0, 20, 17, NULL, NULL),
(268, 34, 1, 18, 21, NULL, NULL),
(269, 34, 0, 15, 14, NULL, NULL),
(270, 34, 1, 11, 13, NULL, NULL),
(271, 34, 0, 12, 19, NULL, NULL),
(272, 34, 1, 3, 10, NULL, NULL),
(273, 35, 0, 1, 22, NULL, NULL),
(274, 35, 1, 15, 4, NULL, NULL),
(275, 35, 0, 16, 10, NULL, NULL),
(276, 35, 1, 3, 13, NULL, NULL),
(277, 35, 0, 19, 18, NULL, NULL),
(278, 35, 1, 21, 20, NULL, NULL),
(279, 35, 0, 17, 12, NULL, NULL),
(280, 35, 1, 11, 14, NULL, NULL),
(281, 36, 0, 10, 11, NULL, NULL),
(282, 36, 1, 16, 17, NULL, NULL),
(283, 36, 0, 20, 12, NULL, NULL),
(284, 36, 1, 15, 1, NULL, NULL),
(285, 36, 0, 22, 21, NULL, NULL),
(286, 36, 1, 14, 3, NULL, NULL),
(287, 36, 0, 18, 4, NULL, NULL),
(288, 36, 1, 13, 19, NULL, NULL),
(289, 37, 0, 12, 15, NULL, NULL),
(290, 37, 1, 22, 20, NULL, NULL),
(291, 37, 0, 18, 13, NULL, NULL),
(292, 37, 1, 3, 11, NULL, NULL),
(293, 37, 0, 14, 4, NULL, NULL),
(294, 37, 1, 10, 1, NULL, NULL),
(295, 37, 0, 21, 19, NULL, NULL),
(296, 37, 1, 17, 16, NULL, NULL),
(297, 38, 0, 14, 11, NULL, NULL),
(298, 38, 1, 21, 16, NULL, NULL),
(299, 38, 0, 10, 3, NULL, NULL),
(300, 38, 1, 18, 22, NULL, NULL),
(301, 38, 0, 13, 1, NULL, NULL),
(302, 38, 1, 17, 4, NULL, NULL),
(303, 38, 0, 19, 20, NULL, NULL),
(304, 38, 1, 15, 12, NULL, NULL),
(305, 39, 0, 18, 21, NULL, NULL),
(306, 39, 1, 11, 1, NULL, NULL),
(307, 39, 0, 12, 16, NULL, NULL),
(308, 39, 1, 3, 10, NULL, NULL),
(309, 39, 0, 20, 19, NULL, NULL),
(310, 39, 1, 17, 14, NULL, NULL),
(311, 39, 0, 13, 22, NULL, NULL),
(312, 39, 1, 4, 15, NULL, NULL),
(313, 40, 0, 12, 15, NULL, NULL),
(314, 40, 1, 17, 13, NULL, NULL),
(315, 40, 0, 3, 10, NULL, NULL),
(316, 40, 1, 16, 14, NULL, NULL),
(317, 40, 0, 20, 18, NULL, NULL),
(318, 40, 1, 4, 22, NULL, NULL),
(319, 40, 0, 11, 21, NULL, NULL),
(320, 40, 1, 1, 19, NULL, NULL),
(321, 41, 0, 1, 12, NULL, NULL),
(322, 41, 1, 16, 13, NULL, NULL),
(323, 41, 0, 20, 18, NULL, NULL),
(324, 41, 1, 19, 22, NULL, NULL),
(325, 41, 0, 10, 11, NULL, NULL),
(326, 41, 1, 17, 3, NULL, NULL),
(327, 41, 0, 15, 14, NULL, NULL),
(328, 41, 1, 21, 4, NULL, NULL),
(329, 42, 0, 14, 15, NULL, NULL),
(330, 42, 1, 17, 1, NULL, NULL),
(331, 42, 0, 21, 19, NULL, NULL),
(332, 42, 1, 10, 20, NULL, NULL),
(333, 42, 0, 22, 4, NULL, NULL),
(334, 42, 1, 16, 3, NULL, NULL),
(335, 42, 0, 11, 13, NULL, NULL),
(336, 42, 1, 12, 18, NULL, NULL),
(337, 43, 0, 10, 20, NULL, NULL),
(338, 43, 1, 14, 18, NULL, NULL),
(339, 43, 0, 13, 11, NULL, NULL),
(340, 43, 1, 19, 22, NULL, NULL),
(341, 43, 0, 4, 3, NULL, NULL),
(342, 43, 1, 17, 15, NULL, NULL),
(343, 43, 0, 12, 16, NULL, NULL),
(344, 43, 1, 1, 21, NULL, NULL),
(345, 44, 0, 15, 11, NULL, NULL),
(346, 44, 1, 1, 21, NULL, NULL),
(347, 44, 0, 3, 18, NULL, NULL),
(348, 44, 1, 17, 22, NULL, NULL),
(349, 44, 0, 10, 12, NULL, NULL),
(350, 44, 1, 19, 20, NULL, NULL),
(351, 44, 0, 4, 13, NULL, NULL),
(352, 44, 1, 16, 14, NULL, NULL),
(353, 45, 0, 21, 17, NULL, NULL),
(354, 45, 1, 10, 3, NULL, NULL),
(355, 45, 0, 16, 12, NULL, NULL),
(356, 45, 1, 4, 13, NULL, NULL),
(357, 45, 0, 15, 20, NULL, NULL),
(358, 45, 1, 1, 22, NULL, NULL),
(359, 45, 0, 11, 14, NULL, NULL),
(360, 45, 1, 18, 19, NULL, NULL),
(361, 46, 0, 22, 18, NULL, NULL),
(362, 46, 1, 4, 15, NULL, NULL),
(363, 46, 0, 19, 14, NULL, NULL),
(364, 46, 1, 16, 17, NULL, NULL),
(365, 46, 0, 3, 20, NULL, NULL),
(366, 46, 1, 1, 10, NULL, NULL),
(367, 46, 0, 12, 13, NULL, NULL),
(368, 46, 1, 11, 21, NULL, NULL),
(369, 47, 0, 16, 20, NULL, NULL),
(370, 47, 1, 15, 4, NULL, NULL),
(371, 47, 0, 14, 18, NULL, NULL),
(372, 47, 1, 1, 11, NULL, NULL),
(373, 47, 0, 13, 12, NULL, NULL),
(374, 47, 1, 10, 17, NULL, NULL),
(375, 47, 0, 21, 3, NULL, NULL),
(376, 47, 1, 22, 19, NULL, NULL),
(377, 48, 0, 1, 3, NULL, NULL),
(378, 48, 1, 11, 4, NULL, NULL),
(379, 48, 0, 12, 15, NULL, NULL),
(380, 48, 1, 19, 10, NULL, NULL),
(381, 48, 0, 16, 17, NULL, NULL),
(382, 48, 1, 18, 13, NULL, NULL),
(383, 48, 0, 22, 20, NULL, NULL),
(384, 48, 1, 14, 21, NULL, NULL),
(385, 49, 0, 21, 15, NULL, NULL),
(386, 49, 1, 20, 11, NULL, NULL),
(387, 49, 0, 12, 19, NULL, NULL),
(388, 49, 1, 14, 1, NULL, NULL),
(389, 49, 0, 16, 10, NULL, NULL),
(390, 49, 1, 13, 22, NULL, NULL),
(391, 49, 0, 18, 4, NULL, NULL),
(392, 49, 1, 17, 3, NULL, NULL),
(393, 50, 0, 15, 18, NULL, NULL),
(394, 50, 1, 22, 21, NULL, NULL),
(395, 50, 0, 17, 14, NULL, NULL),
(396, 50, 1, 4, 13, NULL, NULL),
(397, 50, 0, 19, 12, NULL, NULL),
(398, 50, 1, 16, 11, NULL, NULL),
(399, 50, 0, 1, 3, NULL, NULL),
(400, 50, 1, 20, 10, NULL, NULL),
(401, 51, 0, 21, 20, NULL, NULL),
(402, 51, 1, 18, 13, NULL, NULL),
(403, 51, 0, 15, 19, NULL, NULL),
(404, 51, 1, 12, 17, NULL, NULL),
(405, 51, 0, 16, 14, NULL, NULL),
(406, 51, 1, 22, 1, NULL, NULL),
(407, 51, 0, 10, 4, NULL, NULL),
(408, 51, 1, 3, 11, NULL, NULL),
(409, 52, 0, 1, 13, NULL, NULL),
(410, 52, 1, 20, 4, NULL, NULL),
(411, 52, 0, 12, 11, NULL, NULL),
(412, 52, 1, 17, 18, NULL, NULL),
(413, 52, 0, 14, 3, NULL, NULL),
(414, 52, 1, 10, 22, NULL, NULL),
(415, 52, 0, 15, 19, NULL, NULL),
(416, 52, 1, 21, 16, NULL, NULL);

-- --------------------------------------------------------

--
-- Структура таблицы `teams`
--

CREATE TABLE IF NOT EXISTS `teams` (
  `id` int(11) NOT NULL AUTO_INCREMENT,
  `team` varchar(64) NOT NULL,
  `city` varchar(64) NOT NULL,
  `trainer` varchar(64) NOT NULL,
  PRIMARY KEY (`id`)
) ENGINE=InnoDB  DEFAULT CHARSET=utf8 AUTO_INCREMENT=29 ;

--
-- Дамп данных таблицы `teams`
--

INSERT INTO `teams` (`id`, `team`, `city`, `trainer`) VALUES
(1, 'Шахтер', 'Донецк', 'Мирча Луческу'),
(3, 'Динамо', 'Киев', 'Олег Блохин'),
(4, 'Металлист', 'Харьков', 'Маркевич Мирон Богданович'),
(10, 'Ильичевец', 'Мариуполь', 'Балан Иван Дмитриевич'),
(11, 'Говерла', 'Закарпатье', 'Александр Севидов'),
(12, 'Заря', 'Луганск', 'Юрий Николаевич Вернидуб'),
(13, 'Арсенал', 'Киев', 'Леонид Кучук'),
(14, 'Ворскла', 'Полтава', 'Сергей Свистун'),
(15, 'Карпаты', 'Львов', 'Николай Костов'),
(16, 'Черноморец', 'Одесса', 'Роман Григорчук'),
(17, 'Кривбасс', 'Кривой Рог', 'Олег Таран'),
(18, 'Оболонь', 'Киев', 'Сергей Конюшенко'),
(19, 'Таврия', 'Симферополь', 'Олег Лужный'),
(20, 'Металлург', 'Запорожье', 'Виталий Кварцяный'),
(21, 'Металлург', 'Донецк', 'Юрий Максимов'),
(22, 'Днепр', 'Днепропетровск', 'Хуанде Рамос');

-- --------------------------------------------------------

--
-- Структура таблицы `tours`
--

CREATE TABLE IF NOT EXISTS `tours` (
  `id` int(11) NOT NULL AUTO_INCREMENT,
  `start_date` date NOT NULL,
  PRIMARY KEY (`id`)
) ENGINE=InnoDB  DEFAULT CHARSET=utf8 AUTO_INCREMENT=53 ;

--
-- Дамп данных таблицы `tours`
--

INSERT INTO `tours` (`id`, `start_date`) VALUES
(1, '2012-11-03'),
(2, '2012-11-10'),
(3, '2012-11-17'),
(4, '2012-11-24'),
(5, '2012-12-01'),
(6, '2012-12-08'),
(7, '2012-12-15'),
(8, '2012-12-22'),
(9, '2012-12-29'),
(10, '2013-01-05'),
(11, '2013-01-12'),
(12, '2013-01-19'),
(13, '2013-01-26'),
(14, '2013-02-02'),
(15, '2013-02-09'),
(16, '2013-02-16'),
(17, '2013-02-23'),
(18, '2013-03-02'),
(19, '2013-03-09'),
(20, '2013-03-16'),
(21, '2013-03-23'),
(22, '2013-03-30'),
(23, '2013-04-06'),
(24, '2013-04-13'),
(25, '2013-04-20'),
(26, '2013-04-27'),
(27, '2013-05-04'),
(28, '2013-05-11'),
(29, '2013-05-18'),
(30, '2013-05-25'),
(31, '2013-06-01'),
(32, '2013-06-08'),
(33, '2013-06-15'),
(34, '2013-06-22'),
(35, '2013-06-29'),
(36, '2013-07-06'),
(37, '2013-07-13'),
(38, '2013-07-20'),
(39, '2013-07-27'),
(40, '2013-08-03'),
(41, '2013-08-10'),
(42, '2013-08-17'),
(43, '2013-08-24'),
(44, '2013-08-31'),
(45, '2013-09-07'),
(46, '2013-09-14'),
(47, '2013-09-21'),
(48, '2013-09-28'),
(49, '2013-10-05'),
(50, '2013-10-12'),
(51, '2013-10-19'),
(52, '2013-10-26');
